代码,简称,日期,收盘价(元),
002632.SZ,道明光学,20111122,5.3575,
002632.SZ,道明光学,20111123,5.2681,
002632.SZ,道明光学,20111124,5.0296,
002632.SZ,道明光学,20111125,4.8769,
002632.SZ,道明光学,20111128,5.1228,
002632.SZ,道明光学,20111129,5.0762,
002632.SZ,道明光学,20111130,4.6384,
002632.SZ,道明光学,20111201,4.726,
002632.SZ,道明光学,20111202,4.7819,
002632.SZ,道明光学,20111205,4.6217,
002632.SZ,道明光学,20111206,5.0837,
002632.SZ,道明光学,20111207,5.3258,
002632.SZ,道明光学,20111208,5.2942,
002632.SZ,道明光学,20111209,5.2625,
002632.SZ,道明光学,20111212,5.1526,
002632.SZ,道明光学,20111213,5.2327,
002632.SZ,道明光学,20111214,4.821,
002632.SZ,道明光学,20111215,4.7484,
002632.SZ,道明光学,20111216,4.9048,
002632.SZ,道明光学,20111219,4.998,
002632.SZ,道明光学,20111220,4.8229,
002632.SZ,道明光学,20111221,5.3053,
002632.SZ,道明光学,20111222,5.1004,
002632.SZ,道明光学,20111223,5.1377,
002632.SZ,道明光学,20111226,4.8266,
002632.SZ,道明光学,20111227,4.3441,
002632.SZ,道明光学,20111228,4.0423,
002632.SZ,道明光学,20111229,3.9865,
002632.SZ,道明光学,20111230,4.0647,
002632.SZ,道明光学,20120104,3.9492,
002632.SZ,道明光学,20120105,3.5543,
002632.SZ,道明光学,20120106,3.6027,
002632.SZ,道明光学,20120109,3.7387,
002632.SZ,道明光学,20120110,3.9473,
002632.SZ,道明光学,20120111,3.8952,
002632.SZ,道明光学,20120112,3.8821,
002632.SZ,道明光学,20120113,3.5226,
002632.SZ,道明光学,20120116,3.2637,
002632.SZ,道明光学,20120117,3.5208,
002632.SZ,道明光学,20120118,3.3196,
002632.SZ,道明光学,20120119,3.4202,
002632.SZ,道明光学,20120120,3.5021,
002632.SZ,道明光学,20120130,3.5785,
002632.SZ,道明光学,20120131,3.5487,
002632.SZ,道明光学,20120201,3.5822,
002632.SZ,道明光学,20120202,3.6381,
002632.SZ,道明光学,20120203,3.8318,
002632.SZ,道明光学,20120206,3.8263,
002632.SZ,道明光学,20120207,3.6754,
002632.SZ,道明光学,20120208,3.8132,
002632.SZ,道明光学,20120209,3.8132,
002632.SZ,道明光学,20120210,3.9213,
002632.SZ,道明光学,20120213,4.0051,
002632.SZ,道明光学,20120214,3.9622,
002632.SZ,道明光学,20120215,4.0293,
002632.SZ,道明光学,20120216,3.9585,
002632.SZ,道明光学,20120217,3.9492,
002632.SZ,道明光学,20120220,3.9473,
002632.SZ,道明光学,20120221,4.02,
002632.SZ,道明光学,20120222,4.1597,
002632.SZ,道明光学,20120223,4.2137,
002632.SZ,道明光学,20120224,4.2379,
002632.SZ,道明光学,20120227,4.2137,
002632.SZ,道明光学,20120228,4.128,
002632.SZ,道明光学,20120229,4.0032,
002632.SZ,道明光学,20120301,4.0032,
002632.SZ,道明光学,20120302,4.4037,
002632.SZ,道明光学,20120305,4.495,
002632.SZ,道明光学,20120306,4.4298,
002632.SZ,道明光学,20120307,4.4205,
002632.SZ,道明光学,20120308,4.3777,
002632.SZ,道明光学,20120309,4.441,
002632.SZ,道明光学,20120312,4.4708,
002632.SZ,道明光学,20120313,4.4708,
002632.SZ,道明光学,20120314,4.2361,
002632.SZ,道明光学,20120315,4.1616,
002632.SZ,道明光学,20120316,4.3329,
002632.SZ,道明光学,20120319,4.4093,
002632.SZ,道明光学,20120320,4.2398,
002632.SZ,道明光学,20120321,4.264,
002632.SZ,道明光学,20120322,4.2119,
002632.SZ,道明光学,20120323,4.1653,
002632.SZ,道明光学,20120326,4.1653,
002632.SZ,道明光学,20120327,4.1876,
002632.SZ,道明光学,20120328,3.8281,
002632.SZ,道明光学,20120329,3.7592,
002632.SZ,道明光学,20120330,3.4257,
002632.SZ,道明光学,20120405,3.5319,
002632.SZ,道明光学,20120406,3.5599,
002632.SZ,道明光学,20120409,3.4965,
002632.SZ,道明光学,20120410,3.5319,
002632.SZ,道明光学,20120411,3.558,
002632.SZ,道明光学,20120412,3.6456,
002632.SZ,道明光学,20120413,3.64,
002632.SZ,道明光学,20120416,3.599,
002632.SZ,道明光学,20120417,3.6511,
002632.SZ,道明光学,20120418,3.6158,
002632.SZ,道明光学,20120419,3.5897,
002632.SZ,道明光学,20120420,3.5897,
002632.SZ,道明光学,20120423,3.4239,
002632.SZ,道明光学,20120424,3.517,
002632.SZ,道明光学,20120425,3.5282,
002632.SZ,道明光学,20120426,3.4705,
002632.SZ,道明光学,20120427,3.4891,
002632.SZ,道明光学,20120502,3.5192,
002632.SZ,道明光学,20120503,3.5418,
002632.SZ,道明光学,20120504,3.6472,
002632.SZ,道明光学,20120507,3.6567,
002632.SZ,道明光学,20120508,3.668,
002632.SZ,道明光学,20120509,3.6077,
002632.SZ,道明光学,20120510,3.6247,
002632.SZ,道明光学,20120511,3.6548,
002632.SZ,道明光学,20120514,3.6303,
002632.SZ,道明光学,20120515,3.5211,
002632.SZ,道明光学,20120516,3.506,
002632.SZ,道明光学,20120517,3.5757,
002632.SZ,道明光学,20120518,3.4853,
002632.SZ,道明光学,20120521,3.4269,
002632.SZ,道明光学,20120522,3.4665,
002632.SZ,道明光学,20120523,3.4477,
002632.SZ,道明光学,20120524,3.4288,
002632.SZ,道明光学,20120525,3.329,
002632.SZ,道明光学,20120528,3.3083,
002632.SZ,道明光学,20120529,3.3629,
002632.SZ,道明光学,20120530,3.3742,
002632.SZ,道明光学,20120531,3.4156,
002632.SZ,道明光学,20120601,3.3931,
002632.SZ,道明光学,20120604,3.2499,
002632.SZ,道明光学,20120605,3.2801,
002632.SZ,道明光学,20120606,3.4552,
002632.SZ,道明光学,20120607,3.378,
002632.SZ,道明光学,20120608,3.3083,
002632.SZ,道明光学,20120611,3.3893,
002632.SZ,道明光学,20120612,3.4251,
002632.SZ,道明光学,20120613,3.4458,
002632.SZ,道明光学,20120614,3.4364,
002632.SZ,道明光学,20120615,3.4608,
002632.SZ,道明光学,20120618,3.4834,
002632.SZ,道明光学,20120619,3.4269,
002632.SZ,道明光学,20120620,3.4495,
002632.SZ,道明光学,20120621,3.3987,
002632.SZ,道明光学,20120625,3.3987,
002632.SZ,道明光学,20120626,3.3648,
002632.SZ,道明光学,20120627,3.3046,
002632.SZ,道明光学,20120628,3.2104,
002632.SZ,道明光学,20120629,3.2499,
002632.SZ,道明光学,20120702,3.0541,
002632.SZ,道明光学,20120703,3.056,
002632.SZ,道明光学,20120704,3.0353,
002632.SZ,道明光学,20120705,2.8847,
002632.SZ,道明光学,20120706,2.9336,
002632.SZ,道明光学,20120709,2.8545,
002632.SZ,道明光学,20120710,2.7773,
002632.SZ,道明光学,20120711,2.8752,
002632.SZ,道明光学,20120712,2.8847,
002632.SZ,道明光学,20120713,2.7999,
002632.SZ,道明光学,20120716,2.5947,
002632.SZ,道明光学,20120717,2.6229,
002632.SZ,道明光学,20120718,2.621,
002632.SZ,道明光学,20120719,2.6794,
002632.SZ,道明光学,20120720,2.6625,
002632.SZ,道明光学,20120723,2.6267,
002632.SZ,道明光学,20120724,2.6681,
002632.SZ,道明光学,20120725,2.6719,
002632.SZ,道明光学,20120726,2.6644,
002632.SZ,道明光学,20120727,2.6587,
002632.SZ,道明光学,20120730,2.5759,
002632.SZ,道明光学,20120731,2.4761,
002632.SZ,道明光学,20120801,2.542,
002632.SZ,道明光学,20120802,2.5231,
002632.SZ,道明光学,20120803,2.5664,
002632.SZ,道明光学,20120806,2.6399,
002632.SZ,道明光学,20120807,2.6606,
002632.SZ,道明光学,20120808,2.6964,
002632.SZ,道明光学,20120809,2.751,
002632.SZ,道明光学,20120810,2.751,
002632.SZ,道明光学,20120813,2.6926,
002632.SZ,道明光学,20120814,2.7171,
002632.SZ,道明光学,20120815,2.6644,
002632.SZ,道明光学,20120816,2.6286,
002632.SZ,道明光学,20120817,2.6399,
002632.SZ,道明光学,20120820,2.6493,
002632.SZ,道明光学,20120821,2.7227,
002632.SZ,道明光学,20120822,2.6926,
002632.SZ,道明光学,20120823,2.7773,
002632.SZ,道明光学,20120824,2.8169,
002632.SZ,道明光学,20120827,2.8526,
002632.SZ,道明光学,20120828,2.8432,
002632.SZ,道明光学,20120829,2.9091,
002632.SZ,道明光学,20120830,2.8282,
002632.SZ,道明光学,20120831,2.928,
002632.SZ,道明光学,20120903,2.9524,
002632.SZ,道明光学,20120904,3.0391,
002632.SZ,道明光学,20120905,3.0541,
002632.SZ,道明光学,20120906,3.0504,
002632.SZ,道明光学,20120907,3.1031,
002632.SZ,道明光学,20120910,3.0711,
002632.SZ,道明光学,20120911,3.0409,
002632.SZ,道明光学,20120912,3.0786,
002632.SZ,道明光学,20120913,3.0221,
002632.SZ,道明光学,20120914,2.9336,
002632.SZ,道明光学,20120917,2.8564,
002632.SZ,道明光学,20120918,2.8658,
002632.SZ,道明光学,20120919,2.8696,
002632.SZ,道明光学,20120920,2.8602,
002632.SZ,道明光学,20120921,2.8263,
002632.SZ,道明光学,20120924,2.7773,
002632.SZ,道明光学,20120925,2.687,
002632.SZ,道明光学,20120926,2.6568,
002632.SZ,道明光学,20120927,2.7321,
002632.SZ,道明光学,20120928,2.766,
002632.SZ,道明光学,20121008,2.7811,
002632.SZ,道明光学,20121009,2.8432,
002632.SZ,道明光学,20121010,2.8526,
002632.SZ,道明光学,20121011,2.8018,
002632.SZ,道明光学,20121012,2.7924,
002632.SZ,道明光学,20121015,2.7491,
002632.SZ,道明光学,20121016,2.7585,
002632.SZ,道明光学,20121017,2.7303,
002632.SZ,道明光学,20121018,2.7773,
002632.SZ,道明光学,20121019,2.8526,
002632.SZ,道明光学,20121022,2.8715,
002632.SZ,道明光学,20121023,2.7962,
002632.SZ,道明光学,20121024,2.7736,
002632.SZ,道明光学,20121025,2.734,
002632.SZ,道明光学,20121026,2.6493,
002632.SZ,道明光学,20121029,2.5495,
002632.SZ,道明光学,20121030,2.5457,
002632.SZ,道明光学,20121031,2.5363,
002632.SZ,道明光学,20121101,2.5834,
002632.SZ,道明光学,20121102,2.606,
002632.SZ,道明光学,20121105,2.5872,
002632.SZ,道明光学,20121106,2.5796,
002632.SZ,道明光学,20121107,2.6229,
002632.SZ,道明光学,20121108,2.5664,
002632.SZ,道明光学,20121109,2.5928,
002632.SZ,道明光学,20121112,2.6305,
002632.SZ,道明光学,20121113,2.5514,
002632.SZ,道明光学,20121114,2.5533,
002632.SZ,道明光学,20121115,2.4761,
002632.SZ,道明光学,20121116,2.4685,
002632.SZ,道明光学,20121119,2.4761,
002632.SZ,道明光学,20121120,2.5401,
002632.SZ,道明光学,20121121,2.6154,
002632.SZ,道明光学,20121122,2.5928,
002632.SZ,道明光学,20121123,2.5438,
002632.SZ,道明光学,20121126,2.5005,
002632.SZ,道明光学,20121127,2.2915,
002632.SZ,道明光学,20121128,2.2313,
002632.SZ,道明光学,20121129,2.1861,
002632.SZ,道明光学,20121130,2.2162,
002632.SZ,道明光学,20121203,2.139,
002632.SZ,道明光学,20121204,2.1823,
002632.SZ,道明光学,20121205,2.2463,
002632.SZ,道明光学,20121206,2.2125,
002632.SZ,道明光学,20121207,2.2746,
002632.SZ,道明光学,20121210,2.3217,
002632.SZ,道明光学,20121211,2.2972,
002632.SZ,道明光学,20121212,2.2689,
002632.SZ,道明光学,20121213,2.2294,
002632.SZ,道明光学,20121214,2.3122,
002632.SZ,道明光学,20121217,2.3311,
002632.SZ,道明光学,20121218,2.3405,
002632.SZ,道明光学,20121219,2.3819,
002632.SZ,道明光学,20121220,2.365,
002632.SZ,道明光学,20121221,2.4007,
002632.SZ,道明光学,20121224,2.4553,
002632.SZ,道明光学,20121225,2.5514,
002632.SZ,道明光学,20121226,2.7114,
002632.SZ,道明光学,20121227,2.7585,
002632.SZ,道明光学,20121228,2.943,
002632.SZ,道明光学,20121231,3.201,
002632.SZ,道明光学,20130104,3.0692,
002632.SZ,道明光学,20130107,3.0127,
002632.SZ,道明光学,20130108,2.9581,
002632.SZ,道明光学,20130109,2.9073,
002632.SZ,道明光学,20130110,2.9054,
002632.SZ,道明光学,20130111,2.8282,
002632.SZ,道明光学,20130114,2.9204,
002632.SZ,道明光学,20130115,2.9242,
002632.SZ,道明光学,20130116,2.8734,
002632.SZ,道明光学,20130117,2.8451,
002632.SZ,道明光学,20130118,2.8583,
002632.SZ,道明光学,20130121,2.9524,
002632.SZ,道明光学,20130122,2.8206,
002632.SZ,道明光学,20130123,2.7529,
002632.SZ,道明光学,20130124,2.6926,
002632.SZ,道明光学,20130125,2.7039,
002632.SZ,道明光学,20130128,2.7604,
002632.SZ,道明光学,20130129,2.7566,
002632.SZ,道明光学,20130130,2.7679,
002632.SZ,道明光学,20130131,2.7208,
002632.SZ,道明光学,20130201,2.7378,
002632.SZ,道明光学,20130204,2.8263,
002632.SZ,道明光学,20130205,2.7867,
002632.SZ,道明光学,20130206,2.8075,
002632.SZ,道明光学,20130207,2.8018,
002632.SZ,道明光学,20130208,2.8451,
002632.SZ,道明光学,20130218,2.9016,
002632.SZ,道明光学,20130219,2.8018,
002632.SZ,道明光学,20130220,2.8357,
002632.SZ,道明光学,20130221,2.719,
002632.SZ,道明光学,20130222,2.7378,
002632.SZ,道明光学,20130225,2.7566,
002632.SZ,道明光学,20130226,2.751,
002632.SZ,道明光学,20130227,2.7077,
002632.SZ,道明光学,20130228,2.7585,
002632.SZ,道明光学,20130301,2.8432,
002632.SZ,道明光学,20130304,2.7679,
002632.SZ,道明光学,20130305,2.8451,
002632.SZ,道明光学,20130306,2.8922,
002632.SZ,道明光学,20130307,2.8602,
002632.SZ,道明光学,20130308,2.8583,
002632.SZ,道明光学,20130311,2.896,
002632.SZ,道明光学,20130312,2.7642,
002632.SZ,道明光学,20130313,2.6286,
002632.SZ,道明光学,20130314,2.6286,
002632.SZ,道明光学,20130315,2.6455,
002632.SZ,道明光学,20130318,2.6342,
002632.SZ,道明光学,20130319,2.6474,
002632.SZ,道明光学,20130320,2.7114,
002632.SZ,道明光学,20130321,2.7905,
002632.SZ,道明光学,20130322,2.8376,
002632.SZ,道明光学,20130325,2.7943,
002632.SZ,道明光学,20130326,2.8093,
002632.SZ,道明光学,20130327,2.7962,
002632.SZ,道明光学,20130328,2.6493,
002632.SZ,道明光学,20130329,2.5589,
002632.SZ,道明光学,20130401,2.5344,
002632.SZ,道明光学,20130402,2.4761,
002632.SZ,道明光学,20130403,2.4911,
002632.SZ,道明光学,20130408,2.5194,
002632.SZ,道明光学,20130409,2.5646,
002632.SZ,道明光学,20130410,2.5288,
002632.SZ,道明光学,20130411,2.51,
002632.SZ,道明光学,20130412,2.51,
002632.SZ,道明光学,20130415,2.4779,
002632.SZ,道明光学,20130416,2.5457,
002632.SZ,道明光学,20130417,2.5796,
002632.SZ,道明光学,20130418,2.5834,
002632.SZ,道明光学,20130419,2.589,
002632.SZ,道明光学,20130422,2.5627,
002632.SZ,道明光学,20130423,2.51,
002632.SZ,道明光学,20130424,2.5438,
002632.SZ,道明光学,20130425,2.5288,
002632.SZ,道明光学,20130426,2.429,
002632.SZ,道明光学,20130502,2.4535,
002632.SZ,道明光学,20130503,2.4761,
002632.SZ,道明光学,20130506,2.5344,
002632.SZ,道明光学,20130507,2.5514,
002632.SZ,道明光学,20130508,2.5683,
002632.SZ,道明光学,20130509,2.5721,
002632.SZ,道明光学,20130510,2.6851,
002632.SZ,道明光学,20130513,2.6361,
002632.SZ,道明光学,20130514,2.6361,
002632.SZ,道明光学,20130515,2.6474,
002632.SZ,道明光学,20130516,2.6568,
002632.SZ,道明光学,20130517,2.7171,
002632.SZ,道明光学,20130520,2.7491,
002632.SZ,道明光学,20130521,2.751,
002632.SZ,道明光学,20130522,2.6926,
002632.SZ,道明光学,20130523,2.7717,
002632.SZ,道明光学,20130524,2.7924,
002632.SZ,道明光学,20130527,2.8432,
002632.SZ,道明光学,20130528,2.8319,
002632.SZ,道明光学,20130529,2.8357,
002632.SZ,道明光学,20130530,2.9167,
002632.SZ,道明光学,20130531,2.8734,
002632.SZ,道明光学,20130603,2.8225,
002632.SZ,道明光学,20130604,2.7077,
002632.SZ,道明光学,20130605,2.7284,
002632.SZ,道明光学,20130606,2.6832,
002632.SZ,道明光学,20130607,2.6305,
002632.SZ,道明光学,20130613,2.5646,
002632.SZ,道明光学,20130614,2.6003,
002632.SZ,道明光学,20130617,2.6192,
002632.SZ,道明光学,20130618,2.6229,
002632.SZ,道明光学,20130619,2.638,
002632.SZ,道明光学,20130620,2.5192,
002632.SZ,道明光学,20130621,2.4846,
002632.SZ,道明光学,20130624,2.346,
002632.SZ,道明光学,20130625,2.3633,
002632.SZ,道明光学,20130626,2.3658,
002632.SZ,道明光学,20130627,2.341,
002632.SZ,道明光学,20130628,2.2915,
002632.SZ,道明光学,20130701,2.3237,
002632.SZ,道明光学,20130702,2.3237,
002632.SZ,道明光学,20130703,2.3113,
002632.SZ,道明光学,20130704,2.3856,
002632.SZ,道明光学,20130705,2.3435,
002632.SZ,道明光学,20130708,2.2297,
002632.SZ,道明光学,20130709,2.2297,
002632.SZ,道明光学,20130710,2.2742,
002632.SZ,道明光学,20130711,2.3262,
002632.SZ,道明光学,20130712,2.4004,
002632.SZ,道明光学,20130715,2.4252,
002632.SZ,道明光学,20130716,2.4301,
002632.SZ,道明光学,20130717,2.3559,
002632.SZ,道明光学,20130718,2.3856,
002632.SZ,道明光学,20130719,2.2965,
002632.SZ,道明光学,20130722,2.3559,
002632.SZ,道明光学,20130723,2.4351,
002632.SZ,道明光学,20130724,2.4351,
002632.SZ,道明光学,20130725,2.393,
002632.SZ,道明光学,20130726,2.4128,
002632.SZ,道明光学,20130729,2.492,
002632.SZ,道明光学,20130730,2.4747,
002632.SZ,道明光学,20130731,2.5984,
002632.SZ,道明光学,20130801,2.6801,
002632.SZ,道明光学,20130802,2.8112,
002632.SZ,道明光学,20130805,2.7939,
002632.SZ,道明光学,20130806,2.8261,
002632.SZ,道明光学,20130807,2.7221,
002632.SZ,道明光学,20130808,2.8285,
002632.SZ,道明光学,20130809,2.7964,
002632.SZ,道明光学,20130812,2.7667,
002632.SZ,道明光学,20130813,2.7518,
002632.SZ,道明光学,20130814,2.7172,
002632.SZ,道明光学,20130815,2.6924,
002632.SZ,道明光学,20130816,2.5786,
002632.SZ,道明光学,20130819,2.6702,
002632.SZ,道明光学,20130820,2.6454,
002632.SZ,道明光学,20130821,2.9102,
002632.SZ,道明光学,20130822,3.0661,
002632.SZ,道明光学,20130823,2.9399,
002632.SZ,道明光学,20130826,3.0537,
002632.SZ,道明光学,20130827,3.0438,
002632.SZ,道明光学,20130828,2.9548,
002632.SZ,道明光学,20130829,2.9671,
002632.SZ,道明光学,20130830,2.7914,
002632.SZ,道明光学,20130902,2.8632,
002632.SZ,道明光学,20130903,2.8929,
002632.SZ,道明光学,20130904,2.8607,
002632.SZ,道明光学,20130905,2.8657,
002632.SZ,道明光学,20130906,2.8459,
002632.SZ,道明光学,20130909,2.8681,
002632.SZ,道明光学,20130910,2.8706,
002632.SZ,道明光学,20130911,2.7271,
002632.SZ,道明光学,20130912,2.6751,
002632.SZ,道明光学,20130913,2.7568,
002632.SZ,道明光学,20130916,2.7444,
002632.SZ,道明光学,20130917,2.732,
002632.SZ,道明光学,20130918,2.7469,
002632.SZ,道明光学,20130923,2.7889,
002632.SZ,道明光学,20130924,2.7543,
002632.SZ,道明光学,20130925,2.6553,
002632.SZ,道明光学,20130926,2.6553,
002632.SZ,道明光学,20130927,2.6231,
002632.SZ,道明光学,20130930,2.586,
002632.SZ,道明光学,20131008,2.6405,
002632.SZ,道明光学,20131009,2.6553,
002632.SZ,道明光学,20131010,2.6578,
002632.SZ,道明光学,20131011,2.7048,
002632.SZ,道明光学,20131014,2.7048,
002632.SZ,道明光学,20131015,2.6652,
002632.SZ,道明光学,20131016,2.5316,
002632.SZ,道明光学,20131017,2.5242,
002632.SZ,道明光学,20131018,2.5514,
002632.SZ,道明光学,20131021,2.6157,
002632.SZ,道明光学,20131022,2.6009,
002632.SZ,道明光学,20131023,2.5613,
002632.SZ,道明光学,20131024,2.5613,
002632.SZ,道明光学,20131025,2.4573,
002632.SZ,道明光学,20131028,2.44,
002632.SZ,道明光学,20131029,2.3039,
002632.SZ,道明光学,20131030,2.3509,
002632.SZ,道明光学,20131031,2.3435,
002632.SZ,道明光学,20131101,2.4004,
002632.SZ,道明光学,20131104,2.4103,
002632.SZ,道明光学,20131105,2.4252,
002632.SZ,道明光学,20131106,2.4128,
002632.SZ,道明光学,20131107,2.4326,
002632.SZ,道明光学,20131108,2.4079,
002632.SZ,道明光学,20131111,2.5316,
002632.SZ,道明光学,20131112,2.5044,
002632.SZ,道明光学,20131113,2.4474,
002632.SZ,道明光学,20131114,2.5044,
002632.SZ,道明光学,20131115,2.5563,
002632.SZ,道明光学,20131118,2.6108,
002632.SZ,道明光学,20131119,2.6231,
002632.SZ,道明光学,20131120,2.6281,
002632.SZ,道明光学,20131121,2.6479,
002632.SZ,道明光学,20131122,2.5935,
002632.SZ,道明光学,20131125,2.6132,
002632.SZ,道明光学,20131126,2.7172,
002632.SZ,道明光学,20131127,2.7939,
002632.SZ,道明光学,20131128,2.7692,
002632.SZ,道明光学,20131129,2.8013,
002632.SZ,道明光学,20131202,2.6875,
002632.SZ,道明光学,20131203,2.8087,
002632.SZ,道明光学,20131204,2.8508,
002632.SZ,道明光学,20131205,2.8335,
002632.SZ,道明光学,20131206,2.7988,
002632.SZ,道明光学,20131209,2.8483,
002632.SZ,道明光学,20131210,2.8681,
002632.SZ,道明光学,20131211,2.8013,
002632.SZ,道明光学,20131212,2.8558,
002632.SZ,道明光学,20131213,2.8929,
002632.SZ,道明光学,20131216,2.831,
002632.SZ,道明光学,20131217,2.7964,
002632.SZ,道明光学,20131218,2.8038,
002632.SZ,道明光学,20131219,2.6603,
002632.SZ,道明光学,20131220,2.9275,
002632.SZ,道明光学,20131223,3.1057,
002632.SZ,道明光学,20131224,3.0513,
002632.SZ,道明光学,20131225,3.3556,
002632.SZ,道明光学,20131226,3.3037,
002632.SZ,道明光学,20131227,3.2814,
002632.SZ,道明光学,20131230,3.2195,
002632.SZ,道明光学,20131231,3.1428,
002632.SZ,道明光学,20140102,3.1775,
002632.SZ,道明光学,20140103,3.3037,
002632.SZ,道明光学,20140106,3.1181,
002632.SZ,道明光学,20140107,3.1676,
002632.SZ,道明光学,20140108,3.1601,
002632.SZ,道明光学,20140109,2.9993,
002632.SZ,道明光学,20140110,2.8657,
002632.SZ,道明光学,20140113,2.9374,
002632.SZ,道明光学,20140114,2.9721,
002632.SZ,道明光学,20140115,2.9523,
002632.SZ,道明光学,20140116,3.0587,
002632.SZ,道明光学,20140117,3.0141,
002632.SZ,道明光学,20140120,2.935,
002632.SZ,道明光学,20140121,2.9993,
002632.SZ,道明光学,20140122,3.0463,
002632.SZ,道明光学,20140123,3.0711,
002632.SZ,道明光学,20140124,3.1503,
002632.SZ,道明光学,20140127,3.0884,
002632.SZ,道明光学,20140128,3.0438,
002632.SZ,道明光学,20140129,3.1057,
002632.SZ,道明光学,20140130,3.2492,
002632.SZ,道明光学,20140207,3.3433,
002632.SZ,道明光学,20140210,3.415,
002632.SZ,道明光学,20140211,3.3655,
002632.SZ,道明光学,20140212,3.415,
002632.SZ,道明光学,20140213,3.2591,
002632.SZ,道明光学,20140214,3.2913,
002632.SZ,道明光学,20140217,3.5313,
002632.SZ,道明光学,20140218,3.5091,
002632.SZ,道明光学,20140219,3.5635,
002632.SZ,道明光学,20140220,3.3606,
002632.SZ,道明光学,20140221,3.3334,
002632.SZ,道明光学,20140224,3.3928,
002632.SZ,道明光学,20140225,3.2022,
002632.SZ,道明光学,20140226,3.1824,
002632.SZ,道明光学,20140227,3.1255,
002632.SZ,道明光学,20140228,3.1478,
002632.SZ,道明光学,20140303,3.2567,
002632.SZ,道明光学,20140304,3.2492,
002632.SZ,道明光学,20140305,3.2418,
002632.SZ,道明光学,20140306,3.1997,
002632.SZ,道明光学,20140307,3.1503,
002632.SZ,道明光学,20140310,2.9894,
002632.SZ,道明光学,20140311,2.9869,
002632.SZ,道明光学,20140312,2.9869,
002632.SZ,道明光学,20140313,3.0463,
002632.SZ,道明光学,20140314,2.9943,
002632.SZ,道明光学,20140317,3.0859,
002632.SZ,道明光学,20140318,3.0958,
002632.SZ,道明光学,20140319,3.1651,
002632.SZ,道明光学,20140320,3.0587,
002632.SZ,道明光学,20140321,3.1305,
002632.SZ,道明光学,20140324,3.1478,
002632.SZ,道明光学,20140325,3.1775,
002632.SZ,道明光学,20140326,3.1527,
002632.SZ,道明光学,20140327,3.3185,
002632.SZ,道明光学,20140328,3.1725,
002632.SZ,道明光学,20140331,2.9572,
002632.SZ,道明光学,20140401,3.0166,
002632.SZ,道明光学,20140402,2.9894,
002632.SZ,道明光学,20140403,3.0141,
002632.SZ,道明光学,20140404,3.0537,
002632.SZ,道明光学,20140408,3.2121,
002632.SZ,道明光学,20140409,3.2715,
002632.SZ,道明光学,20140410,3.2567,
002632.SZ,道明光学,20140411,3.2294,
002632.SZ,道明光学,20140414,3.2666,
002632.SZ,道明光学,20140415,3.2245,
002632.SZ,道明光学,20140416,3.321,
002632.SZ,道明光学,20140417,3.2864,
002632.SZ,道明光学,20140418,3.3062,
002632.SZ,道明光学,20140421,3.2913,
002632.SZ,道明光学,20140422,3.2294,
002632.SZ,道明光学,20140423,3.2294,
002632.SZ,道明光学,20140424,3.3829,
002632.SZ,道明光学,20140425,3.415,
002632.SZ,道明光学,20140428,3.0909,
002632.SZ,道明光学,20140429,3.1255,
002632.SZ,道明光学,20140430,3.1898,
002632.SZ,道明光学,20140505,3.2096,
002632.SZ,道明光学,20140506,3.5313,
002632.SZ,道明光学,20140507,3.6897,
002632.SZ,道明光学,20140508,3.7145,
002632.SZ,道明光学,20140509,3.7145,
002632.SZ,道明光学,20140512,3.7862,
002632.SZ,道明光学,20140513,3.7565,
002632.SZ,道明光学,20140514,3.6922,
002632.SZ,道明光学,20140515,3.6378,
002632.SZ,道明光学,20140516,3.415,
002632.SZ,道明光学,20140519,3.3779,
002632.SZ,道明光学,20140520,3.4051,
002632.SZ,道明光学,20140521,3.4645,
002632.SZ,道明光学,20140522,3.4373,
002632.SZ,道明光学,20140523,3.4819,
002632.SZ,道明光学,20140526,3.561,
002632.SZ,道明光学,20140527,3.6353,
002632.SZ,道明光学,20140528,3.6303,
002632.SZ,道明光学,20140529,3.4918,
002632.SZ,道明光学,20140530,3.4967,
002632.SZ,道明光学,20140603,3.4348,
002632.SZ,道明光学,20140604,3.3631,
002632.SZ,道明光学,20140605,3.4076,
002632.SZ,道明光学,20140606,3.4274,
002632.SZ,道明光学,20140609,3.4002,
002632.SZ,道明光学,20140610,3.4744,
002632.SZ,道明光学,20140611,3.5289,
002632.SZ,道明光学,20140612,3.4967,
002632.SZ,道明光学,20140613,3.6006,
002632.SZ,道明光学,20140616,3.6576,
002632.SZ,道明光学,20140617,3.6155,
002632.SZ,道明光学,20140618,3.5833,
002632.SZ,道明光学,20140619,3.519,
002632.SZ,道明光学,20140620,3.7318,
002632.SZ,道明光学,20140623,3.7417,
002632.SZ,道明光学,20140624,3.7244,
002632.SZ,道明光学,20140625,3.6576,
002632.SZ,道明光学,20140626,3.811,
002632.SZ,道明光学,20140627,3.8135,
002632.SZ,道明光学,20140630,3.7615,
002632.SZ,道明光学,20140701,3.8481,
002632.SZ,道明光学,20140702,3.957,
002632.SZ,道明光学,20140703,3.9149,
002632.SZ,道明光学,20140704,3.91,
002632.SZ,道明光学,20140707,3.9696,
002632.SZ,道明光学,20140708,3.9149,
002632.SZ,道明光学,20140709,3.8107,
002632.SZ,道明光学,20140710,3.7883,
002632.SZ,道明光学,20140711,3.833,
002632.SZ,道明光学,20140714,3.9125,
002632.SZ,道明光学,20140715,3.7139,
002632.SZ,道明光学,20140716,3.6642,
002632.SZ,道明光学,20140717,3.7039,
002632.SZ,道明光学,20140718,3.8678,
002632.SZ,道明光学,20140721,3.8231,
002632.SZ,道明光学,20140722,4.0639,
002632.SZ,道明光学,20140723,3.9894,
002632.SZ,道明光学,20140724,3.8802,
002632.SZ,道明光学,20140725,3.8429,
002632.SZ,道明光学,20140728,3.9273,
002632.SZ,道明光学,20140729,3.9125,
002632.SZ,道明光学,20140730,3.8703,
002632.SZ,道明光学,20140731,3.9174,
002632.SZ,道明光学,20140801,3.766,
002632.SZ,道明光学,20140804,3.8305,
002632.SZ,道明光学,20140805,3.838,
002632.SZ,道明光学,20140806,3.9298,
002632.SZ,道明光学,20140807,3.828,
002632.SZ,道明光学,20140808,3.8231,
002632.SZ,道明光学,20140811,3.8827,
002632.SZ,道明光学,20140812,3.9199,
002632.SZ,道明光学,20140813,4.0093,
002632.SZ,道明光学,20140814,3.9472,
002632.SZ,道明光学,20140815,4.0366,
002632.SZ,道明光学,20140818,4.0664,
002632.SZ,道明光学,20140819,4.0217,
002632.SZ,道明光学,20140820,3.9844,
002632.SZ,道明光学,20140821,4.0217,
002632.SZ,道明光学,20140822,3.9894,
002632.SZ,道明光学,20140825,3.9224,
002632.SZ,道明光学,20140826,3.8901,
002632.SZ,道明光学,20140827,3.9125,
002632.SZ,道明光学,20140828,3.8703,
002632.SZ,道明光学,20140829,3.91,
002632.SZ,道明光学,20140901,4.0142,
002632.SZ,道明光学,20140902,4.0366,
002632.SZ,道明光学,20140903,4.0639,
002632.SZ,道明光学,20140904,4.1384,
002632.SZ,道明光学,20140905,4.0962,
002632.SZ,道明光学,20140909,4.1806,
002632.SZ,道明光学,20140910,4.1731,
002632.SZ,道明光学,20140911,4.2178,
002632.SZ,道明光学,20140912,4.2178,
002632.SZ,道明光学,20140915,4.2426,
002632.SZ,道明光学,20140916,4.0763,
002632.SZ,道明光学,20140917,4.183,
002632.SZ,道明光学,20140918,4.2377,
002632.SZ,道明光学,20140919,4.3965,
002632.SZ,道明光学,20140922,4.4661,
002632.SZ,道明光学,20140923,4.4636,
002632.SZ,道明光学,20140924,4.5356,
002632.SZ,道明光学,20140925,4.6671,
002632.SZ,道明光学,20140926,4.5976,
002632.SZ,道明光学,20140929,4.5877,
002632.SZ,道明光学,20140930,4.6274,
002632.SZ,道明光学,20141008,4.7143,
002632.SZ,道明光学,20141009,4.5877,
002632.SZ,道明光学,20141010,4.5902,
002632.SZ,道明光学,20141013,4.7937,
002632.SZ,道明光学,20141014,4.9253,
002632.SZ,道明光学,20141015,4.9377,
002632.SZ,道明光学,20141016,4.7044,
002632.SZ,道明光学,20141017,4.5778,
002632.SZ,道明光学,20141020,4.6423,
002632.SZ,道明光学,20141021,4.6696,
002632.SZ,道明光学,20141022,4.5132,
002632.SZ,道明光学,20141023,4.3419,
002632.SZ,道明光学,20141024,4.4189,
002632.SZ,道明光学,20141027,4.6746,
002632.SZ,道明光学,20141028,5.0693,
002632.SZ,道明光学,20141029,5.0693,
002632.SZ,道明光学,20141030,5.0693,
002632.SZ,道明光学,20141031,5.0693,
002632.SZ,道明光学,20141103,5.0693,
002632.SZ,道明光学,20141104,5.0693,
002632.SZ,道明光学,20141105,5.1041,
002632.SZ,道明光学,20141106,4.9899,
002632.SZ,道明光学,20141107,4.7913,
002632.SZ,道明光学,20141110,4.8931,
002632.SZ,道明光学,20141111,4.5678,
002632.SZ,道明光学,20141112,4.6448,
002632.SZ,道明光学,20141113,4.5033,
002632.SZ,道明光学,20141114,4.6225,
002632.SZ,道明光学,20141117,4.7069,
002632.SZ,道明光学,20141118,4.692,
002632.SZ,道明光学,20141119,4.8086,
002632.SZ,道明光学,20141120,4.7962,
002632.SZ,道明光学,20141121,4.8012,
002632.SZ,道明光学,20141124,4.7937,
002632.SZ,道明光学,20141125,5.0296,
002632.SZ,道明光学,20141126,5.1339,
002632.SZ,道明光学,20141127,5.0619,
002632.SZ,道明光学,20141128,5.2356,
002632.SZ,道明光学,20141201,5.1934,
002632.SZ,道明光学,20141202,5.1785,
002632.SZ,道明光学,20141203,5.0296,
002632.SZ,道明光学,20141204,5.0395,
002632.SZ,道明光学,20141205,4.7664,
002632.SZ,道明光学,20141208,4.8062,
002632.SZ,道明光学,20141209,4.3246,
002632.SZ,道明光学,20141210,4.4313,
002632.SZ,道明光学,20141211,4.471,
002632.SZ,道明光学,20141212,4.5207,
002632.SZ,道明光学,20141215,4.7019,
002632.SZ,道明光学,20141216,4.692,
002632.SZ,道明光学,20141217,4.5356,
002632.SZ,道明光学,20141218,4.5654,
002632.SZ,道明光学,20141219,4.4934,
002632.SZ,道明光学,20141222,4.2203,
002632.SZ,道明光学,20141223,4.2377,
002632.SZ,道明光学,20141224,4.3817,
002632.SZ,道明光学,20141225,4.4884,
002632.SZ,道明光学,20141226,4.5753,
002632.SZ,道明光学,20141229,4.3568,
002632.SZ,道明光学,20141230,4.1359,
002632.SZ,道明光学,20141231,4.1582,
002632.SZ,道明光学,20150105,4.1979,
002632.SZ,道明光学,20150106,4.2699,
002632.SZ,道明光学,20150107,4.1458,
002632.SZ,道明光学,20150108,4.1061,
002632.SZ,道明光学,20150109,4.0912,
002632.SZ,道明光学,20150112,4.2153,
002632.SZ,道明光学,20150113,4.6374,
002632.SZ,道明光学,20150114,4.7466,
002632.SZ,道明光学,20150115,4.7168,
002632.SZ,道明光学,20150116,4.7739,
002632.SZ,道明光学,20150119,4.7739,
002632.SZ,道明光学,20150120,4.9204,
002632.SZ,道明光学,20150121,4.8881,
002632.SZ,道明光学,20150122,4.9005,
002632.SZ,道明光学,20150123,4.7491,
002632.SZ,道明光学,20150126,4.8434,
002632.SZ,道明光学,20150127,4.9005,
002632.SZ,道明光学,20150128,4.7987,
002632.SZ,道明光学,20150129,4.759,
002632.SZ,道明光学,20150130,4.7416,
002632.SZ,道明光学,20150202,4.754,
002632.SZ,道明光学,20150203,4.8111,
002632.SZ,道明光学,20150204,4.8211,
002632.SZ,道明光学,20150205,4.8235,
002632.SZ,道明光学,20150206,4.6622,
002632.SZ,道明光学,20150209,4.6423,
002632.SZ,道明光学,20150210,4.6249,
002632.SZ,道明光学,20150211,4.7044,
002632.SZ,道明光学,20150212,4.7615,
002632.SZ,道明光学,20150213,4.8583,
002632.SZ,道明光学,20150216,4.9576,
002632.SZ,道明光学,20150217,4.9328,
002632.SZ,道明光学,20150225,4.8384,
002632.SZ,道明光学,20150226,5.114,
002632.SZ,道明光学,20150227,5.1736,
002632.SZ,道明光学,20150302,5.2207,
002632.SZ,道明光学,20150303,5.33,
002632.SZ,道明光学,20150304,5.3275,
002632.SZ,道明光学,20150305,5.2704,
002632.SZ,道明光学,20150306,5.2083,
002632.SZ,道明光学,20150309,5.2704,
002632.SZ,道明光学,20150310,5.4169,
002632.SZ,道明光学,20150311,5.6775,
002632.SZ,道明光学,20150312,5.6775,
002632.SZ,道明光学,20150313,5.824,
002632.SZ,道明光学,20150316,6.1318,
002632.SZ,道明光学,20150317,6.0524,
002632.SZ,道明光学,20150318,6.3304,
002632.SZ,道明光学,20150319,6.3031,
002632.SZ,道明光学,20150320,6.2684,
002632.SZ,道明光学,20150323,6.6532,
002632.SZ,道明光学,20150324,7.3185,
002632.SZ,道明光学,20150325,7.887,
002632.SZ,道明光学,20150326,7.3756,
002632.SZ,道明光学,20150327,7.5171,
002632.SZ,道明光学,20150330,7.3309,
002632.SZ,道明光学,20150331,7.4972,
002632.SZ,道明光学,20150401,8.0334,
002632.SZ,道明光学,20150402,8.8378,
002632.SZ,道明光学,20150403,9.7216,
002632.SZ,道明光学,20150407,10.4266,
002632.SZ,道明光学,20150408,9.7811,
002632.SZ,道明光学,20150409,10.0964,
002632.SZ,道明光学,20150410,11.1068,
002632.SZ,道明光学,20150413,12.2165,
002632.SZ,道明光学,20150414,11.3625,
002632.SZ,道明光学,20150415,10.2255,
002632.SZ,道明光学,20150416,9.8631,
002632.SZ,道明光学,20150417,9.4604,
002632.SZ,道明光学,20150420,8.7296,
002632.SZ,道明光学,20150421,9.6046,
002632.SZ,道明光学,20150422,10.1017,
002632.SZ,道明光学,20150423,10.0619,
002632.SZ,道明光学,20150424,10.4894,
002632.SZ,道明光学,20150427,10.1166,
002632.SZ,道明光学,20150428,9.9923,
002632.SZ,道明光学,20150429,10.1315,
002632.SZ,道明光学,20150430,9.6791,
002632.SZ,道明光学,20150504,9.7785,
002632.SZ,道明光学,20150505,9.3311,
002632.SZ,道明光学,20150506,8.8986,
002632.SZ,道明光学,20150507,8.3717,
002632.SZ,道明光学,20150508,9.2068,
002632.SZ,道明光学,20150511,9.7438,
002632.SZ,道明光学,20150512,9.7686,
002632.SZ,道明光学,20150513,10.2956,
002632.SZ,道明光学,20150514,10.9468,
002632.SZ,道明光学,20150515,10.5143,
002632.SZ,道明光学,20150518,10.6535,
002632.SZ,道明光学,20150519,10.7927,
002632.SZ,道明光学,20150520,11.5632,
002632.SZ,道明光学,20150521,12.7216,
002632.SZ,道明光学,20150522,13.5965,
002632.SZ,道明光学,20150525,13.8948,
002632.SZ,道明光学,20150526,14.1682,
002632.SZ,道明光学,20150527,13.8302,
002632.SZ,道明光学,20150528,12.4481,
002632.SZ,道明光学,20150529,12.5277,
002632.SZ,道明光学,20150601,13.0198,
002632.SZ,道明光学,20150602,13.9246,
002632.SZ,道明光学,20150603,14.6703,
002632.SZ,道明光学,20150604,14.6156,
002632.SZ,道明光学,20150605,15.1277,
002632.SZ,道明光学,20150608,14.6653,
002632.SZ,道明光学,20150609,14.1782,
002632.SZ,道明光学,20150610,14.7648,
002632.SZ,道明光学,20150611,15.1625,
002632.SZ,道明光学,20150612,15.7988,
002632.SZ,道明光学,20150615,17.3399,
002632.SZ,道明光学,20150616,16.102,
002632.SZ,道明光学,20150617,17.0267,
002632.SZ,道明光学,20150618,16.6986,
002632.SZ,道明光学,20150619,15.1625,
002632.SZ,道明光学,20150623,14.1682,
002632.SZ,道明光学,20150624,14.4416,
002632.SZ,道明光学,20150625,13.2734,
002632.SZ,道明光学,20150626,11.946,
002632.SZ,道明光学,20150629,11.1854,
002632.SZ,道明光学,20150630,11.1854,
002632.SZ,道明光学,20150701,11.1854,
002632.SZ,道明光学,20150702,11.1854,
002632.SZ,道明光学,20150703,11.1854,
002632.SZ,道明光学,20150706,11.1854,
002632.SZ,道明光学,20150707,11.1854,
002632.SZ,道明光学,20150708,11.1854,
002632.SZ,道明光学,20150709,11.1854,
002632.SZ,道明光学,20150710,11.1854,
002632.SZ,道明光学,20150713,11.1854,
002632.SZ,道明光学,20150714,12.304,
002632.SZ,道明光学,20150715,11.0761,
002632.SZ,道明光学,20150716,9.9675,
002632.SZ,道明光学,20150717,10.5889,
002632.SZ,道明光学,20150720,10.7778,
002632.SZ,道明光学,20150721,11.7571,
002632.SZ,道明光学,20150722,11.5732,
002632.SZ,道明光学,20150723,11.951,
002632.SZ,道明光学,20150724,11.3346,
002632.SZ,道明光学,20150727,10.2011,
002632.SZ,道明光学,20150728,9.1969,
002632.SZ,道明光学,20150729,9.5598,
002632.SZ,道明光学,20150730,8.9831,
002632.SZ,道明光学,20150731,8.4512,
002632.SZ,道明光学,20150803,8.6849,
002632.SZ,道明光学,20150804,9.361,
002632.SZ,道明光学,20150805,9.0875,
002632.SZ,道明光学,20150806,9.9973,
002632.SZ,道明光学,20150807,10.1166,
002632.SZ,道明光学,20150810,10.559,
002632.SZ,道明光学,20150811,10.2459,
002632.SZ,道明光学,20150812,9.5946,
002632.SZ,道明光学,20150813,10.0271,
002632.SZ,道明光学,20150814,9.8631,
002632.SZ,道明光学,20150817,9.704,
002632.SZ,道明光学,20150818,10.042,
002632.SZ,道明光学,20150819,10.052,
002632.SZ,道明光学,20150820,9.2068,
002632.SZ,道明光学,20150821,8.3468,
002632.SZ,道明光学,20150824,7.5116,
002632.SZ,道明光学,20150825,6.761,
002632.SZ,道明光学,20150826,6.0849,
002632.SZ,道明光学,20150827,6.2638,
002632.SZ,道明光学,20150828,6.7858,
002632.SZ,道明光学,20150831,7.0244,
002632.SZ,道明光学,20150901,6.7411,
002632.SZ,道明光学,20150902,6.3682,
002632.SZ,道明光学,20150907,6.4875,
002632.SZ,道明光学,20150908,6.761,
002632.SZ,道明光学,20150909,7.0692,
002632.SZ,道明光学,20150910,6.8007,
002632.SZ,道明光学,20150911,6.8703,
002632.SZ,道明光学,20150914,6.1843,
002632.SZ,道明光学,20150915,5.5679,
002632.SZ,道明光学,20150916,6.07,
002632.SZ,道明光学,20150917,5.9755,
002632.SZ,道明光学,20150918,6.0401,
002632.SZ,道明光学,20150921,6.2738,
002632.SZ,道明光学,20150922,6.5571,
002632.SZ,道明光学,20150923,6.925,
002632.SZ,道明光学,20150924,7.0642,
002632.SZ,道明光学,20150925,6.6466,
002632.SZ,道明光学,20150928,6.8405,
002632.SZ,道明光学,20150929,6.5571,
002632.SZ,道明光学,20150930,6.6118,
002632.SZ,道明光学,20151008,6.9449,
002632.SZ,道明光学,20151009,7.1537,
002632.SZ,道明光学,20151012,7.7353,
002632.SZ,道明光学,20151013,7.7005,
002632.SZ,道明光学,20151014,7.7204,
002632.SZ,道明光学,20151015,8.1032,
002632.SZ,道明光学,20151016,8.5556,
002632.SZ,道明光学,20151019,8.3568,
002632.SZ,道明光学,20151020,8.3568,
002632.SZ,道明光学,20151021,8.3568,
002632.SZ,道明光学,20151022,8.3568,
002632.SZ,道明光学,20151023,8.3568,
002632.SZ,道明光学,20151026,8.3568,
002632.SZ,道明光学,20151027,8.3568,
002632.SZ,道明光学,20151028,8.3568,
002632.SZ,道明光学,20151029,8.3568,
002632.SZ,道明光学,20151030,8.3568,
002632.SZ,道明光学,20151102,8.3568,
002632.SZ,道明光学,20151103,8.3568,
002632.SZ,道明光学,20151104,8.3568,
002632.SZ,道明光学,20151105,8.3568,
002632.SZ,道明光学,20151106,8.3568,
002632.SZ,道明光学,20151109,8.3568,
002632.SZ,道明光学,20151110,9.003,
002632.SZ,道明光学,20151111,8.8688,
002632.SZ,道明光学,20151112,8.7197,
002632.SZ,道明光学,20151113,8.839,
002632.SZ,道明光学,20151116,8.9086,
002632.SZ,道明光学,20151117,9.346,
002632.SZ,道明光学,20151118,9.0378,
002632.SZ,道明光学,20151119,9.1472,
002632.SZ,道明光学,20151120,9.6742,
002632.SZ,道明光学,20151123,10.1415,
002632.SZ,道明光学,20151124,10.1862,
002632.SZ,道明光学,20151125,11.2053,
002632.SZ,道明光学,20151126,11.7124,
002632.SZ,道明光学,20151127,11.5831,
002632.SZ,道明光学,20151130,12.7414,
002632.SZ,道明光学,20151201,12.2344,
002632.SZ,道明光学,20151202,11.4638,
002632.SZ,道明光学,20151203,11.7024,
002632.SZ,道明光学,20151204,11.5086,
002632.SZ,道明光学,20151207,11.777,
002632.SZ,道明光学,20151208,11.2351,
002632.SZ,道明光学,20151209,10.9369,
002632.SZ,道明光学,20151210,11.5831,
002632.SZ,道明光学,20151211,12.13,
002632.SZ,道明光学,20151214,11.4738,
002632.SZ,道明光学,20151215,11.9759,
002632.SZ,道明光学,20151216,13.1739,
002632.SZ,道明光学,20151217,13.9196,
002632.SZ,道明光学,20151218,14.1782,
002632.SZ,道明光学,20151221,13.5717,
002632.SZ,道明光学,20151222,13.5567,
002632.SZ,道明光学,20151223,12.8806,
002632.SZ,道明光学,20151224,13.1391,
002632.SZ,道明光学,20151225,13.3479,
002632.SZ,道明光学,20151228,13.0795,
002632.SZ,道明光学,20151229,13.4325,
002632.SZ,道明光学,20151230,13.85,
002632.SZ,道明光学,20151231,13.0894,
002632.SZ,道明光学,20160104,11.782,
002632.SZ,道明光学,20160105,10.7728,
002632.SZ,道明光学,20160106,10.9219,
002632.SZ,道明光学,20160107,9.8283,
002632.SZ,道明光学,20160108,9.3858,
002632.SZ,道明光学,20160111,8.4462,
002632.SZ,道明光学,20160112,8.5208,
002632.SZ,道明光学,20160113,8.1529,
002632.SZ,道明光学,20160114,8.839,
002632.SZ,道明光学,20160115,8.9086,
002632.SZ,道明光学,20160118,9.7338,
002632.SZ,道明光学,20160119,9.9774,
002632.SZ,道明光学,20160120,9.5896,
002632.SZ,道明光学,20160121,9.0975,
002632.SZ,道明光学,20160122,9.9824,
002632.SZ,道明光学,20160125,10.6485,
002632.SZ,道明光学,20160126,9.5847,
002632.SZ,道明光学,20160127,9.9376,
002632.SZ,道明光学,20160128,9.0179,
002632.SZ,道明光学,20160129,9.3958,
002632.SZ,道明光学,20160201,9.5449,
002632.SZ,道明光学,20160202,9.9426,
002632.SZ,道明光学,20160203,9.9128,
002632.SZ,道明光学,20160204,10.0172,
002632.SZ,道明光学,20160205,9.5648,
002632.SZ,道明光学,20160215,9.7338,
002632.SZ,道明光学,20160216,10.1315,
002632.SZ,道明光学,20160217,10.6535,
002632.SZ,道明光学,20160218,10.3105,
002632.SZ,道明光学,20160219,10.9219,
002632.SZ,道明光学,20160222,12.0156,
002632.SZ,道明光学,20160223,11.9858,
002632.SZ,道明光学,20160224,11.3992,
002632.SZ,道明光学,20160225,10.3353,
002632.SZ,道明光学,20160226,10.7828,
002632.SZ,道明光学,20160229,9.704,
002632.SZ,道明光学,20160301,10.1265,
002632.SZ,道明光学,20160302,10.6933,
002632.SZ,道明光学,20160303,11.1506,
002632.SZ,道明光学,20160304,10.8076,
002632.SZ,道明光学,20160307,11.429,
002632.SZ,道明光学,20160308,12.0753,
002632.SZ,道明光学,20160309,11.4241,
002632.SZ,道明光学,20160310,10.8722,
002632.SZ,道明光学,20160311,10.6088,
002632.SZ,道明光学,20160314,11.4042,
002632.SZ,道明光学,20160315,11.2451,
002632.SZ,道明光学,20160316,11.1158,
002632.SZ,道明光学,20160317,12.0604,
002632.SZ,道明光学,20160318,12.4084,
002632.SZ,道明光学,20160321,12.5674,
002632.SZ,道明光学,20160322,12.2841,
002632.SZ,道明光学,20160323,12.1349,
002632.SZ,道明光学,20160324,12.1548,
002632.SZ,道明光学,20160325,12.7762,
002632.SZ,道明光学,20160328,12.3587,
002632.SZ,道明光学,20160329,11.9311,
002632.SZ,道明光学,20160330,12.4979,
002632.SZ,道明光学,20160331,12.2642,
002632.SZ,道明光学,20160401,12.0206,
002632.SZ,道明光学,20160405,12.4581,
002632.SZ,道明光学,20160406,12.5525,
002632.SZ,道明光学,20160407,12.0405,
002632.SZ,道明光学,20160408,11.6527,
002632.SZ,道明光学,20160411,11.7571,
002632.SZ,道明光学,20160412,11.4936,
002632.SZ,道明光学,20160413,11.7273,
002632.SZ,道明光学,20160414,11.8814,
002632.SZ,道明光学,20160415,12.0803,
002632.SZ,道明光学,20160418,11.8367,
002632.SZ,道明光学,20160419,11.6627,
002632.SZ,道明光学,20160420,10.6386,
002632.SZ,道明光学,20160421,10.1663,
002632.SZ,道明光学,20160422,10.9319,
002632.SZ,道明光学,20160425,11.8814,
002632.SZ,道明光学,20160426,11.9013,
002632.SZ,道明光学,20160427,11.5334,
002632.SZ,道明光学,20160428,11.2351,
002632.SZ,道明光学,20160429,11.8118,
002632.SZ,道明光学,20160503,12.2642,
002632.SZ,道明光学,20160504,11.9162,
002632.SZ,道明光学,20160505,12.125,
002632.SZ,道明光学,20160506,11.4439,
002632.SZ,道明光学,20160509,10.9468,
002632.SZ,道明光学,20160510,10.9717,
002632.SZ,道明光学,20160511,10.6634,
002632.SZ,道明光学,20160512,10.8673,
002632.SZ,道明光学,20160513,10.738,
002632.SZ,道明光学,20160516,11.1059,
002632.SZ,道明光学,20160517,10.9219,
002632.SZ,道明光学,20160518,10.3155,
002632.SZ,道明光学,20160519,10.4646,
002632.SZ,道明光学,20160520,10.574,
002632.SZ,道明光学,20160523,10.6436,
002632.SZ,道明光学,20160524,10.6585,
002632.SZ,道明光学,20160525,10.733,
002632.SZ,道明光学,20160526,10.5938,
002632.SZ,道明光学,20160527,10.6935,
002632.SZ,道明光学,20160530,10.6536,
002632.SZ,道明光学,20160531,11.1619,
002632.SZ,道明光学,20160601,11.4011,
002632.SZ,道明光学,20160602,11.7698,
002632.SZ,道明光学,20160603,11.5705,
002632.SZ,道明光学,20160606,11.6403,
002632.SZ,道明光学,20160607,11.4709,
002632.SZ,道明光学,20160608,11.4111,
002632.SZ,道明光学,20160613,10.3746,
002632.SZ,道明光学,20160614,10.4344,
002632.SZ,道明光学,20160615,11.4808,
002632.SZ,道明光学,20160616,12.0588,
002632.SZ,道明光学,20160617,12.5173,
002632.SZ,道明光学,20160620,12.5073,
002632.SZ,道明光学,20160621,11.9393,
002632.SZ,道明光学,20160622,11.9393,
002632.SZ,道明光学,20160623,11.9393,
002632.SZ,道明光学,20160624,11.9393,
002632.SZ,道明光学,20160627,11.9393,
002632.SZ,道明光学,20160628,11.9393,
002632.SZ,道明光学,20160629,11.9393,
002632.SZ,道明光学,20160630,11.9393,
002632.SZ,道明光学,20160701,11.9393,
002632.SZ,道明光学,20160704,11.9393,
002632.SZ,道明光学,20160705,11.9393,
002632.SZ,道明光学,20160706,11.9393,
002632.SZ,道明光学,20160707,11.9393,
002632.SZ,道明光学,20160708,11.9393,
002632.SZ,道明光学,20160711,11.9393,
002632.SZ,道明光学,20160712,11.9393,
002632.SZ,道明光学,20160713,11.9393,
002632.SZ,道明光学,20160714,11.9393,
002632.SZ,道明光学,20160715,11.9393,
002632.SZ,道明光学,20160718,11.9393,
002632.SZ,道明光学,20160719,11.9393,
002632.SZ,道明光学,20160720,11.9393,
002632.SZ,道明光学,20160721,11.9393,
002632.SZ,道明光学,20160722,11.9393,
002632.SZ,道明光学,20160725,11.9393,
002632.SZ,道明光学,20160726,11.9393,
002632.SZ,道明光学,20160727,11.9393,
002632.SZ,道明光学,20160728,11.9393,
002632.SZ,道明光学,20160729,11.9393,
002632.SZ,道明光学,20160801,11.9393,
002632.SZ,道明光学,20160802,11.9393,
002632.SZ,道明光学,20160803,11.9393,
002632.SZ,道明光学,20160804,11.9393,
002632.SZ,道明光学,20160805,11.9393,
002632.SZ,道明光学,20160808,11.9393,
002632.SZ,道明光学,20160809,11.9393,
002632.SZ,道明光学,20160810,11.9393,
002632.SZ,道明光学,20160811,11.9393,
002632.SZ,道明光学,20160812,11.9393,
002632.SZ,道明光学,20160815,11.9393,
002632.SZ,道明光学,20160816,11.9393,
002632.SZ,道明光学,20160817,11.9393,
002632.SZ,道明光学,20160818,11.9393,
002632.SZ,道明光学,20160819,11.9393,
002632.SZ,道明光学,20160822,11.9393,
002632.SZ,道明光学,20160823,11.9393,
002632.SZ,道明光学,20160824,11.9393,
002632.SZ,道明光学,20160825,11.9393,
002632.SZ,道明光学,20160826,11.9393,
002632.SZ,道明光学,20160829,11.9393,
002632.SZ,道明光学,20160830,11.9393,
002632.SZ,道明光学,20160831,11.9393,
002632.SZ,道明光学,20160901,11.9393,
002632.SZ,道明光学,20160902,11.9393,
002632.SZ,道明光学,20160905,11.9393,
002632.SZ,道明光学,20160906,11.9393,
002632.SZ,道明光学,20160907,11.9393,
002632.SZ,道明光学,20160908,11.9393,
002632.SZ,道明光学,20160909,11.9393,
002632.SZ,道明光学,20160912,11.9393,
002632.SZ,道明光学,20160913,11.9393,
002632.SZ,道明光学,20160914,11.9393,
002632.SZ,道明光学,20160919,11.9393,
002632.SZ,道明光学,20160920,11.9393,
002632.SZ,道明光学,20160921,11.9393,
002632.SZ,道明光学,20160922,11.9393,
002632.SZ,道明光学,20160923,11.9393,
002632.SZ,道明光学,20160926,11.9393,
002632.SZ,道明光学,20160927,11.9393,
002632.SZ,道明光学,20160928,11.9393,
002632.SZ,道明光学,20160929,11.9393,
002632.SZ,道明光学,20160930,11.9393,
002632.SZ,道明光学,20161010,11.9393,
002632.SZ,道明光学,20161011,11.9393,
002632.SZ,道明光学,20161012,11.9393,
002632.SZ,道明光学,20161013,11.9393,
002632.SZ,道明光学,20161014,11.9393,
002632.SZ,道明光学,20161017,11.9393,
002632.SZ,道明光学,20161018,11.9393,
002632.SZ,道明光学,20161019,11.9393,
002632.SZ,道明光学,20161020,11.9393,
002632.SZ,道明光学,20161021,11.9393,
002632.SZ,道明光学,20161024,11.9393,
002632.SZ,道明光学,20161025,11.9393,
002632.SZ,道明光学,20161026,11.9393,
002632.SZ,道明光学,20161027,11.9393,
002632.SZ,道明光学,20161028,11.9393,
002632.SZ,道明光学,20161031,11.9393,
002632.SZ,道明光学,20161101,11.9393,
002632.SZ,道明光学,20161102,11.9393,
002632.SZ,道明光学,20161103,11.9393,
002632.SZ,道明光学,20161104,11.9393,
002632.SZ,道明光学,20161107,11.9393,
002632.SZ,道明光学,20161108,11.9393,
002632.SZ,道明光学,20161109,13.1352,
002632.SZ,道明光学,20161110,13.7531,
002632.SZ,道明光学,20161111,13.2149,
002632.SZ,道明光学,20161114,12.8462,
002632.SZ,道明光学,20161115,12.8063,
002632.SZ,道明光学,20161116,12.7266,
002632.SZ,道明光学,20161117,12.5771,
002632.SZ,道明光学,20161118,12.308,
002632.SZ,道明光学,20161121,12.3578,
002632.SZ,道明光学,20161122,12.298,
002632.SZ,道明光学,20161123,11.9193,
002632.SZ,道明光学,20161124,11.71,
002632.SZ,道明光学,20161125,11.8595,
002632.SZ,道明光学,20161128,11.8695,
002632.SZ,道明光学,20161129,11.6004,
002632.SZ,道明光学,20161130,11.1918,
002632.SZ,道明光学,20161201,11.1021,
002632.SZ,道明光学,20161202,11.0822,
002632.SZ,道明光学,20161205,10.7633,
002632.SZ,道明光学,20161206,10.9327,
002632.SZ,道明光学,20161207,11.5605,
002632.SZ,道明光学,20161208,11.421,
002632.SZ,道明光学,20161209,11.1719,
002632.SZ,道明光学,20161212,10.4344,
002632.SZ,道明光学,20161213,10.4942,
002632.SZ,道明光学,20161214,10.4244,
002632.SZ,道明光学,20161215,10.4942,
002632.SZ,道明光学,20161216,10.4643,
002632.SZ,道明光学,20161219,10.3347,
002632.SZ,道明光学,20161220,10.4145,
002632.SZ,道明光学,20161221,10.4444,
002632.SZ,道明光学,20161222,10.4942,
002632.SZ,道明光学,20161223,10.7932,
002632.SZ,道明光学,20161226,11.0423,
002632.SZ,道明光学,20161227,10.843,
002632.SZ,道明光学,20161228,10.6835,
002632.SZ,道明光学,20161229,10.5141,
002632.SZ,道明光学,20161230,10.5141,
002632.SZ,道明光学,20170103,10.9626,
002632.SZ,道明光学,20170104,11.142,
002632.SZ,道明光学,20170105,11.0423,
002632.SZ,道明光学,20170106,11.2815,
002632.SZ,道明光学,20170109,11.2616,
002632.SZ,道明光学,20170110,11.2416,
002632.SZ,道明光学,20170111,11.0323,
002632.SZ,道明光学,20170112,11.0722,
002632.SZ,道明光学,20170113,10.6636,
002632.SZ,道明光学,20170116,10.1055,
002632.SZ,道明光学,20170117,10.0357,
002632.SZ,道明光学,20170118,9.8962,
002632.SZ,道明光学,20170119,9.976,
002632.SZ,道明光学,20170120,10.0756,
002632.SZ,道明光学,20170123,10.1155,
002632.SZ,道明光学,20170124,10.1155,
002632.SZ,道明光学,20170125,10.1454,
002632.SZ,道明光学,20170126,10.2749,
002632.SZ,道明光学,20170203,10.1653,
002632.SZ,道明光学,20170206,10.2351,
002632.SZ,道明光学,20170207,10.2251,
002632.SZ,道明光学,20170208,11.2516,
002632.SZ,道明光学,20170209,11.8197,
002632.SZ,道明光学,20170210,11.3014,
002632.SZ,道明光学,20170213,11.5107,
002632.SZ,道明光学,20170214,11.5007,
002632.SZ,道明光学,20170215,11.3214,
002632.SZ,道明光学,20170216,11.2616,
002632.SZ,道明光学,20170217,10.9925,
002632.SZ,道明光学,20170220,11.142,
002632.SZ,道明光学,20170221,11.1519,
002632.SZ,道明光学,20170222,11.0921,
002632.SZ,道明光学,20170223,11.2317,
002632.SZ,道明光学,20170224,11.1619,
002632.SZ,道明光学,20170227,11.2416,
002632.SZ,道明光学,20170228,11.0323,
002632.SZ,道明光学,20170301,11.0423,
002632.SZ,道明光学,20170302,10.8131,
002632.SZ,道明光学,20170303,10.833,
002632.SZ,道明光学,20170306,11.5306,
002632.SZ,道明光学,20170307,11.3712,
002632.SZ,道明光学,20170308,11.2416,
002632.SZ,道明光学,20170309,11.0224,
002632.SZ,道明光学,20170310,11.0423,
002632.SZ,道明光学,20170313,11.0822,
002632.SZ,道明光学,20170314,10.8729,
002632.SZ,道明光学,20170315,10.7334,
002632.SZ,道明光学,20170316,10.9128,
002632.SZ,道明光学,20170317,10.7633,
002632.SZ,道明光学,20170320,10.5639,
002632.SZ,道明光学,20170321,10.554,
002632.SZ,道明光学,20170322,10.3945,
002632.SZ,道明光学,20170323,10.245,
002632.SZ,道明光学,20170324,10.2949,
002632.SZ,道明光学,20170327,10.3048,
002632.SZ,道明光学,20170328,10.1354,
002632.SZ,道明光学,20170329,10.1753,
002632.SZ,道明光学,20170330,10.0059,
002632.SZ,道明光学,20170331,10.0258,
002632.SZ,道明光学,20170405,10.3048,
002632.SZ,道明光学,20170406,10.3048,
002632.SZ,道明光学,20170407,10.3048,
002632.SZ,道明光学,20170410,10.3048,
002632.SZ,道明光学,20170411,10.3048,
002632.SZ,道明光学,20170412,10.3048,
002632.SZ,道明光学,20170413,10.3048,
002632.SZ,道明光学,20170414,10.3547,
002632.SZ,道明光学,20170417,9.667,
002632.SZ,道明光学,20170418,9.4577,
002632.SZ,道明光学,20170419,9.1288,
002632.SZ,道明光学,20170420,9.0591,
002632.SZ,道明光学,20170421,9.0491,
002632.SZ,道明光学,20170424,8.7701,
002632.SZ,道明光学,20170425,8.8299,
002632.SZ,道明光学,20170426,8.9694,
002632.SZ,道明光学,20170427,9.0292,
002632.SZ,道明光学,20170428,9.0491,
002632.SZ,道明光学,20170502,9.089,
002632.SZ,道明光学,20170503,9.0093,
002632.SZ,道明光学,20170504,8.9993,
002632.SZ,道明光学,20170505,8.9295,
002632.SZ,道明光学,20170508,8.9096,
002632.SZ,道明光学,20170509,8.9395,
002632.SZ,道明光学,20170510,8.79,
002632.SZ,道明光学,20170511,8.57,
002632.SZ,道明光学,20170512,8.46,
002632.SZ,道明光学,20170515,8.46,
002632.SZ,道明光学,20170516,8.69,
002632.SZ,道明光学,20170517,8.67,
002632.SZ,道明光学,20170518,8.5,
002632.SZ,道明光学,20170519,8.44,
002632.SZ,道明光学,20170522,8.1,
002632.SZ,道明光学,20170523,7.83,
002632.SZ,道明光学,20170524,7.78,
002632.SZ,道明光学,20170525,7.78,
002632.SZ,道明光学,20170526,7.82,
002632.SZ,道明光学,20170531,7.87,
002632.SZ,道明光学,20170601,7.52,
002632.SZ,道明光学,20170602,7.61,
002632.SZ,道明光学,20170605,7.72,
002632.SZ,道明光学,20170606,7.76,
002632.SZ,道明光学,20170607,7.95,
002632.SZ,道明光学,20170608,7.86,
002632.SZ,道明光学,20170609,7.91,
002632.SZ,道明光学,20170612,7.61,
002632.SZ,道明光学,20170613,7.79,
002632.SZ,道明光学,20170614,7.88,
002632.SZ,道明光学,20170615,8.02,
002632.SZ,道明光学,20170616,7.96,
002632.SZ,道明光学,20170619,8.05,
002632.SZ,道明光学,20170620,8.17,
002632.SZ,道明光学,20170621,8.21,
002632.SZ,道明光学,20170622,8,
002632.SZ,道明光学,20170623,7.9,
002632.SZ,道明光学,20170626,7.99,
002632.SZ,道明光学,20170627,7.99,
002632.SZ,道明光学,20170628,7.84,
002632.SZ,道明光学,20170629,7.84,
002632.SZ,道明光学,20170630,7.92,
002632.SZ,道明光学,20170703,8,
002632.SZ,道明光学,20170704,8.01,
002632.SZ,道明光学,20170705,8.15,
002632.SZ,道明光学,20170706,8.29,
002632.SZ,道明光学,20170707,8.3,
002632.SZ,道明光学,20170710,8.18,
002632.SZ,道明光学,20170711,8.2,
002632.SZ,道明光学,20170712,8.1,
002632.SZ,道明光学,20170713,8.51,
002632.SZ,道明光学,20170714,8.46,
002632.SZ,道明光学,20170717,7.85,
002632.SZ,道明光学,20170718,7.94,
002632.SZ,道明光学,20170719,7.98,
002632.SZ,道明光学,20170720,8.78,
002632.SZ,道明光学,20170721,8.86,
002632.SZ,道明光学,20170724,8.87,
002632.SZ,道明光学,20170725,8.89,
002632.SZ,道明光学,20170726,9.14,
002632.SZ,道明光学,20170727,9.43,
002632.SZ,道明光学,20170728,9.32,
002632.SZ,道明光学,20170731,9.38,
002632.SZ,道明光学,20170801,9.23,
002632.SZ,道明光学,20170802,8.93,
002632.SZ,道明光学,20170803,9.07,
002632.SZ,道明光学,20170804,8.84,
002632.SZ,道明光学,20170807,9.64,
002632.SZ,道明光学,20170808,9.62,
002632.SZ,道明光学,20170809,9.37,
002632.SZ,道明光学,20170810,9.16,
002632.SZ,道明光学,20170811,9.17,
002632.SZ,道明光学,20170814,9.35,
002632.SZ,道明光学,20170815,9.38,
002632.SZ,道明光学,20170816,9.36,
002632.SZ,道明光学,20170817,9.54,
002632.SZ,道明光学,20170818,9.29,
002632.SZ,道明光学,20170821,9.17,
002632.SZ,道明光学,20170822,9.22,
002632.SZ,道明光学,20170823,9.06,
002632.SZ,道明光学,20170824,8.79,
002632.SZ,道明光学,20170825,8.89,
002632.SZ,道明光学,20170828,8.97,
002632.SZ,道明光学,20170829,8.87,
002632.SZ,道明光学,20170830,8.93,
002632.SZ,道明光学,20170831,9,
002632.SZ,道明光学,20170901,9.06,
002632.SZ,道明光学,20170904,9.36,
002632.SZ,道明光学,20170905,9.29,
002632.SZ,道明光学,20170906,9.54,
002632.SZ,道明光学,20170907,9.36,
002632.SZ,道明光学,20170908,9.37,
002632.SZ,道明光学,20170911,9.79,
002632.SZ,道明光学,20170912,10.42,
002632.SZ,道明光学,20170913,10.77,
002632.SZ,道明光学,20170914,10.4,
002632.SZ,道明光学,20170915,10.18,
002632.SZ,道明光学,20170918,10.3,
002632.SZ,道明光学,20170919,9.98,
002632.SZ,道明光学,20170920,10.1,
002632.SZ,道明光学,20170921,9.8,
002632.SZ,道明光学,20170922,9.9,
002632.SZ,道明光学,20170925,10.04,
002632.SZ,道明光学,20170926,10.16,
002632.SZ,道明光学,20170927,10.21,
002632.SZ,道明光学,20170928,9.98,
002632.SZ,道明光学,20170929,10.1,
002632.SZ,道明光学,20171009,10.45,
002632.SZ,道明光学,20171010,10.4,
002632.SZ,道明光学,20171011,10.16,
002632.SZ,道明光学,20171012,9.91,
002632.SZ,道明光学,20171013,9.97,
002632.SZ,道明光学,20171016,9.61,
002632.SZ,道明光学,20171017,9.58,
002632.SZ,道明光学,20171018,9.32,
002632.SZ,道明光学,20171019,9.23,
002632.SZ,道明光学,20171020,9.36,
002632.SZ,道明光学,20171023,9.38,
002632.SZ,道明光学,20171024,9.23,
002632.SZ,道明光学,20171025,9.3,
002632.SZ,道明光学,20171026,9.43,
002632.SZ,道明光学,20171027,9.38,
002632.SZ,道明光学,20171030,8.96,
002632.SZ,道明光学,20171031,9.02,
002632.SZ,道明光学,20171101,9.04,
002632.SZ,道明光学,20171102,8.7,
002632.SZ,道明光学,20171103,8.68,
002632.SZ,道明光学,20171106,8.67,
002632.SZ,道明光学,20171107,8.67,
002632.SZ,道明光学,20171108,8.76,
002632.SZ,道明光学,20171109,8.82,
002632.SZ,道明光学,20171110,8.81,
002632.SZ,道明光学,20171113,8.59,
002632.SZ,道明光学,20171114,8.48,
002632.SZ,道明光学,20171115,8.37,
002632.SZ,道明光学,20171116,8.41,
002632.SZ,道明光学,20171117,8.06,
002632.SZ,道明光学,20171120,8.15,
002632.SZ,道明光学,20171121,8.08,
002632.SZ,道明光学,20171122,8.05,
002632.SZ,道明光学,20171123,7.9,
002632.SZ,道明光学,20171124,7.8,
002632.SZ,道明光学,20171127,7.8,
002632.SZ,道明光学,20171128,7.92,
002632.SZ,道明光学,20171129,8.1,
002632.SZ,道明光学,20171130,8.04,
002632.SZ,道明光学,20171201,8.07,
002632.SZ,道明光学,20171204,7.94,
002632.SZ,道明光学,20171205,7.77,
002632.SZ,道明光学,20171206,7.89,
002632.SZ,道明光学,20171207,7.92,
002632.SZ,道明光学,20171208,7.97,
002632.SZ,道明光学,20171211,8.05,
002632.SZ,道明光学,20171212,7.98,
002632.SZ,道明光学,20171213,7.98,
002632.SZ,道明光学,20171214,8.31,
002632.SZ,道明光学,20171215,8.44,
002632.SZ,道明光学,20171218,8.35,
002632.SZ,道明光学,20171219,8.28,
002632.SZ,道明光学,20171220,8.23,
002632.SZ,道明光学,20171221,8.15,
002632.SZ,道明光学,20171222,8.03,
002632.SZ,道明光学,20171225,7.8,
002632.SZ,道明光学,20171226,7.9,
002632.SZ,道明光学,20171227,7.88,
002632.SZ,道明光学,20171228,7.91,
002632.SZ,道明光学,20171229,8.1,
002632.SZ,道明光学,20180102,8.16,
002632.SZ,道明光学,20180103,8.18,
002632.SZ,道明光学,20180104,8.13,
002632.SZ,道明光学,20180105,8.08,
002632.SZ,道明光学,20180108,8,
002632.SZ,道明光学,20180109,8.03,
002632.SZ,道明光学,20180110,8.33,
002632.SZ,道明光学,20180111,8.58,
002632.SZ,道明光学,20180112,8.31,
002632.SZ,道明光学,20180115,7.97,
002632.SZ,道明光学,20180116,8.01,
002632.SZ,道明光学,20180117,8,
002632.SZ,道明光学,20180118,8.09,
002632.SZ,道明光学,20180119,8.05,
002632.SZ,道明光学,20180122,8.16,
002632.SZ,道明光学,20180123,8.24,
002632.SZ,道明光学,20180124,8.27,
002632.SZ,道明光学,20180125,8.08,
002632.SZ,道明光学,20180126,8.18,
002632.SZ,道明光学,20180129,8.03,
002632.SZ,道明光学,20180130,8.02,
002632.SZ,道明光学,20180131,8.15,
002632.SZ,道明光学,20180201,7.99,
002632.SZ,道明光学,20180202,7.66,
002632.SZ,道明光学,20180205,7.62,
002632.SZ,道明光学,20180206,7.15,
002632.SZ,道明光学,20180207,7.37,
002632.SZ,道明光学,20180208,7.46,
002632.SZ,道明光学,20180209,7.34,
002632.SZ,道明光学,20180212,7.53,
002632.SZ,道明光学,20180213,7.59,
002632.SZ,道明光学,20180214,7.65,
002632.SZ,道明光学,20180222,7.68,
002632.SZ,道明光学,20180223,7.61,
002632.SZ,道明光学,20180226,7.74,
002632.SZ,道明光学,20180227,7.93,
002632.SZ,道明光学,20180228,8.05,
002632.SZ,道明光学,20180301,8.13,
002632.SZ,道明光学,20180302,8.06,
002632.SZ,道明光学,20180305,8.17,
002632.SZ,道明光学,20180306,8.18,
002632.SZ,道明光学,20180307,8.06,
002632.SZ,道明光学,20180308,8.04,
002632.SZ,道明光学,20180309,8.25,
002632.SZ,道明光学,20180312,8.28,
002632.SZ,道明光学,20180313,8.19,
002632.SZ,道明光学,20180314,8.45,
002632.SZ,道明光学,20180315,8.17,
002632.SZ,道明光学,20180316,8.12,
002632.SZ,道明光学,20180319,8.11,
002632.SZ,道明光学,20180320,7.98,
002632.SZ,道明光学,20180321,7.93,
002632.SZ,道明光学,20180322,7.97,
002632.SZ,道明光学,20180323,7.44,
002632.SZ,道明光学,20180326,7.52,
